Case number,Sector,Date range,Actors,ethical choice,intended goal,mechanism,outcomes,evidence,Sources,confidence,tags
40,Retail banking – customer service AI,2023–2025,Kiwibank; Genesys; Spark NZ,Deploy AI voicebots and intent-recognition to route and resolve calls before reaching human agents.,"Reduce wait times, improve first‑contact resolution, and free agents for complex needs.",NLU + intent classification; AI voicebots on Genesys Cloud; agent‑assist and triage.,Good: big drops in transfers/abandonments/handle time; Risk: misrouting & accessibility gaps.,"“...voicebots has resulted in 98% fewer intents and dramatic reductions in transfers, abandoned calls...”",https://www.genesys.com/customer-stories/kiwibank; https://www.reseller.co.nz/article/2106258/spark-helps-deliver-award-winning-genesys-ai-chatbot-project-for-kiwibank.html; https://www.businesswire.com/news/home/20240514128335/en/Genesys-Awards-Kiwibank-as-Winner-of-CX-Innovator-Award,0.7,"['ai-chatbot', 'voicebot', 'cx', 'accessibility', 'explainability']"
41,Retail banking – conversational AI,2018–present,ASB Bank,Use an AI chatbot ('Josie') as a first‑line digital assistant for customers in app and online.,Provide 24/7 self‑service and reduce contact centre queues.,Conversational interface; intent matching; scripted fallbacks to human.,Mixed: convenience and faster answers; Risks: wrong/incomplete advice.,“Josie is our chatbot… help you get stuff done quickly…”,https://www.asb.co.nz/banking-with-asb/josie-the-chatbot.html,0.6,"['ai-chatbot', 'automation', 'consumer-protection', 'hand-off']"
42,Retail banking – digital identity/KYC,2018–present,ASB Bank; VIX Verify,Adopt facial‑recognition onboarding that matches a selfie to ID to open accounts remotely.,Speed up AML/KYC and financial inclusion (remote onboarding).,Face‑matching with liveness; NFC passport reading; automated flags; human review on exceptions.,"Mixed: faster onboarding; Risks: false matches, bias, biometric privacy.",“ASB… biometric facial recognition technology.”,https://www.finextra.com/newsarticle/32993/asb-faces-up-to-biometric-onboarding; https://www.asb.co.nz/banking-with-asb/asb-id-app.html; https://www.biometricupdate.com/201811/vix-verify-develops-biometric-mobile-id-app-for-asb-bank,0.8,"['biometrics', 'kyc', 'privacy', 'bias', 'remote-onboarding']"
43,Retail banking – fraud detection AI,2023–present,Westpac New Zealand; BioCatch,Monitor user behaviour with AI to detect scams and account takeovers.,Reduce scam losses and intervene earlier.,Behavioural biometrics profiling; anomaly detection integrated into fraud monitoring.,Mixed: prevention vs. surveillance/false positives.,“Analyses customers’ online behaviour to help detect unusual activities.”,https://www.westpac.co.nz/about-us/media/westpac-nz-adopts-biometric-technology-to-help-keep-customers-safe/; https://www.rnz.co.nz/news/business/501878/biometrics-introduced-to-westpac-systems-to-watch-for-fraud,0.8,"['behavioural-biometrics', 'fraud-detection', 'privacy', 'false-positives']"
44,Retail banking – voice biometrics,2017–present (notably 2021 expansion),ANZ New Zealand,Use voice biometrics (“Voice ID”) to authorise payments/confirm identity.,Increase security and reduce friction for phone transactions.,Speaker verification via stored voiceprint; used in phone banking.,Mixed: improved security; Risks: spoofing/deepfakes; accessibility concerns.,"“34,000 customers per month enrolling for Voice ID…”",https://www.anz.com.au/newsroom/new-zealand/2021/04/biometric-voice-id/; https://www.anz.co.nz/banking-with-anz/banking-safely/fraud-protection/voice-fingerprint-face-identification/,0.7,"['voice-biometrics', 'authentication', 'deepfake-risk', 'accessibility']"
45,Payments – network fraud AI,2024–present,Visa New Zealand; NZ issuing & acquiring banks,AI risk scoring at network level for approvals.,Prevent fraud at scale without over‑declining.,Neural network scoring per transaction; adaptive thresholds.,Good: Visa cites $273m fraud prevented; Risk: false declines.,“Prevent $273 million in fraud… in a year.”,https://www.visa.co.nz/about-visa/newsroom/press-releases/visa-prevents-more-than-270-million-in-fraud-from-disrupting-new-zealand-businesses.html,0.8,"['fraud-screening', 'network-level-ai', 'false-declines', 'merchant-impact']"
46,Business banking – AI credit decisioning,2025–present,Bank of New Zealand (BNZ); RDC.AI (Rich Data Co),Explainable‑AI cashflow‑based SME loan offers within minutes.,Broaden access and speed time‑to‑cash.,XAI platform; automated offers; human oversight on exceptions.,Mixed: faster access/inclusion; Risks: data drift/bias/consent scope.,"“Loan offers in 3 mins, funds in 2 days… explainable AI…”",https://rdc.ai/rdc-ai-drives-ai-adoption-and-new-cashflow-based-business-lending-solution-through-bnz-partnership-with-funds-approved-in-as-little-as-3-minutes/; https://cfotech.co.nz/story/rdc-ai-bnz-launch-ai-driven-cashflow-loans-for-nz-smes,0.7,"['ai-credit', 'sme-lending', 'explainability', 'alt-data', 'fairness']"
47,Credit bureaus – AI scoring with bank data,2023–present,Centrix; Envestnet | Yodlee; NZ lenders,Use live bank data with AI models for scoring/fraud.,Improve risk accuracy and broaden access; enhance fraud detection.,Data aggregation + ML models; bureau distributes insights to lenders.,Mixed: better prediction; Risks: privacy/consent opacity.,“Improve its credit scoring… and fraud/transaction monitoring tools.”,https://ffnews.com/newsarticle/fintech/centrix-delivers-financial-data-win-for-new-zealand-borrowers-and-lenders-powered-by-envestnet-yodlee/; https://cfotech.co.nz/story/centrix-and-envestnet-yodlee-to-enhance-financial-data-in-new-zealand,0.7,"['credit-scoring', 'transaction-data', 'privacy', 'consent']"
48,Non-bank lending – AI credit decisioning,2017–present,Harmoney; DataRobot,ML scorecards and automated decisioning for personal loans.,Reduce time to yes; risk‑based pricing at scale.,Automated ML models on large application datasets; behavioural analytics.,Mixed: faster approvals; Risks: bias from historical data; limited recourse on auto declines.,"“Models trained on more than 300,000 loan applications.”",https://www.cio.com/article/204141/ai-helps-harmoney-improve-ability-to-assess-credit-risk.html; https://www.datarobot.com/customers/harmoney/; https://www.harmoney.co.nz/; https://www.nzx.com/announcements/381515,0.7,"['ai-credit', 'risk-based-pricing', 'fairness', 'explainability']"
49,Fintech/BNPL – automated credit,2020–2025,BNPL providers; MBIE; RBNZ,Rapid automated approvals with minimal verification; later tightened by regulation.,Frictionless growth and inclusion while managing losses.,Instant decisions using limited data/behavioural signals; sparse affordability checks (now tightened).,Mixed/Bad: over‑commitment concerns; protections effective 2 Sept 2024.,“New protections for consumers using Buy Now Pay Later… from 2 September 2024.”,https://www.mbie.govt.nz/business-and-employment/consumer-protection/buy-now-pay-later; https://www.rbnz.govt.nz/hub/publications/financial-stability-report/2025/may/ai-pre-release/rise-of-the-machines,0.8,"['bnpl', 'automated-approval', 'affordability', 'regulation', 'ai-risk']"
50,Retail banking – fraud monitoring AI,2024,Banking Ombudsman Scheme; NZ bank; customer 'Millie',Automated fraud‑detection triggers to block funds on suspected mule accounts.,Stop scam flows fast.,Real‑time monitoring; automated blocks when thresholds met; call‑backs.,Mixed: flag/block protected funds; outreach failed initially; transparency limited.,“Payment triggered the bank’s fraud detection system… bank left a message and blocked the accounts.”,https://bankomb.org.nz/guides-and-cases/case-notes/88149,0.8,"['fraud-monitoring', 'automation', 'transparency', 'customer-impact']"
51,Insurance – AI claims/fraud,2021–present,Tower Insurance; FRISS,Automate real‑time claims fraud screening with AI.,Speed genuine payouts; reduce fraud leakage.,Claims‑time risk scoring; explainable flags to human assessors.,Mixed: faster for many; Risks: false positives & profiling concerns.,“Automating detection of genuine and suspicious claims in real time.”,https://www.tower.co.nz/news/friss-partnership/,0.7,"['insurance', 'fraud-detection', 'false-positives', 'explainability']"
52,Insurance – conversational AI,2021–present,Southern Cross Travel Insurance (SCTI),Launch AI chatbot ‘Scout’ for policy/claims queries.,Scale support and keep response times low.,Conversational automation; escalation to humans.,Mixed: faster responses; Risks: incorrect guidance and reliance loss.,“Digital ‘employee’… automating high‑volume enquiries.”,https://www.southerncross.co.nz/news/2021/scti-launches-travel-insurance-chatbot,0.7,"['ai-chatbot', 'contact-centre', 'reliance-risk']"
53,Payments – AI vs AI scams,2025,Visa; NZ consumers/businesses,Counter AI‑enabled scams with AI analytics/tools for NZ merchants and banks.,Mitigate deepfake/generative‑AI fraud.,AI anomaly detection; intelligence sharing; merchant/bank tooling.,Good (directional): proactive against AI‑driven scams; results depend on deployment quality.,“Using AI to combat AI‑driven fraud in New Zealand.”,https://www.finextra.com/pressarticle/106232/visa-using-ai-to-combat-ai-driven-fraud-in-new-zeland,0.6,"['ai-vs-ai', 'scams', 'ecosystem', 'prevention']"
