[
  {
    "Case number":40,
    "Sector":"Retail banking \u2013 customer service AI",
    "Date range":"2023\u20132025",
    "Actors":"Kiwibank; Genesys; Spark NZ",
    "ethical choice":"Deploy AI voicebots and intent-recognition to route and resolve calls before reaching human agents.",
    "intended goal":"Reduce wait times, improve first\u2011contact resolution, and free agents for complex needs.",
    "mechanism":"NLU + intent classification; AI voicebots on Genesys Cloud; agent\u2011assist and triage.",
    "outcomes":"Good: big drops in transfers\/abandonments\/handle time; Risk: misrouting & accessibility gaps.",
    "evidence":"\u201c...voicebots has resulted in 98% fewer intents and dramatic reductions in transfers, abandoned calls...\u201d",
    "Sources":"https:\/\/www.genesys.com\/customer-stories\/kiwibank; https:\/\/www.reseller.co.nz\/article\/2106258\/spark-helps-deliver-award-winning-genesys-ai-chatbot-project-for-kiwibank.html; https:\/\/www.businesswire.com\/news\/home\/20240514128335\/en\/Genesys-Awards-Kiwibank-as-Winner-of-CX-Innovator-Award",
    "confidence":0.7,
    "tags":[
      "ai-chatbot",
      "voicebot",
      "cx",
      "accessibility",
      "explainability"
    ]
  },
  {
    "Case number":41,
    "Sector":"Retail banking \u2013 conversational AI",
    "Date range":"2018\u2013present",
    "Actors":"ASB Bank",
    "ethical choice":"Use an AI chatbot ('Josie') as a first\u2011line digital assistant for customers in app and online.",
    "intended goal":"Provide 24\/7 self\u2011service and reduce contact centre queues.",
    "mechanism":"Conversational interface; intent matching; scripted fallbacks to human.",
    "outcomes":"Mixed: convenience and faster answers; Risks: wrong\/incomplete advice.",
    "evidence":"\u201cJosie is our chatbot\u2026 help you get stuff done quickly\u2026\u201d",
    "Sources":"https:\/\/www.asb.co.nz\/banking-with-asb\/josie-the-chatbot.html",
    "confidence":0.6,
    "tags":[
      "ai-chatbot",
      "automation",
      "consumer-protection",
      "hand-off"
    ]
  },
  {
    "Case number":42,
    "Sector":"Retail banking \u2013 digital identity\/KYC",
    "Date range":"2018\u2013present",
    "Actors":"ASB Bank; VIX Verify",
    "ethical choice":"Adopt facial\u2011recognition onboarding that matches a selfie to ID to open accounts remotely.",
    "intended goal":"Speed up AML\/KYC and financial inclusion (remote onboarding).",
    "mechanism":"Face\u2011matching with liveness; NFC passport reading; automated flags; human review on exceptions.",
    "outcomes":"Mixed: faster onboarding; Risks: false matches, bias, biometric privacy.",
    "evidence":"\u201cASB\u2026 biometric facial recognition technology.\u201d",
    "Sources":"https:\/\/www.finextra.com\/newsarticle\/32993\/asb-faces-up-to-biometric-onboarding; https:\/\/www.asb.co.nz\/banking-with-asb\/asb-id-app.html; https:\/\/www.biometricupdate.com\/201811\/vix-verify-develops-biometric-mobile-id-app-for-asb-bank",
    "confidence":0.8,
    "tags":[
      "biometrics",
      "kyc",
      "privacy",
      "bias",
      "remote-onboarding"
    ]
  },
  {
    "Case number":43,
    "Sector":"Retail banking \u2013 fraud detection AI",
    "Date range":"2023\u2013present",
    "Actors":"Westpac New Zealand; BioCatch",
    "ethical choice":"Monitor user behaviour with AI to detect scams and account takeovers.",
    "intended goal":"Reduce scam losses and intervene earlier.",
    "mechanism":"Behavioural biometrics profiling; anomaly detection integrated into fraud monitoring.",
    "outcomes":"Mixed: prevention vs. surveillance\/false positives.",
    "evidence":"\u201cAnalyses customers\u2019 online behaviour to help detect unusual activities.\u201d",
    "Sources":"https:\/\/www.westpac.co.nz\/about-us\/media\/westpac-nz-adopts-biometric-technology-to-help-keep-customers-safe\/; https:\/\/www.rnz.co.nz\/news\/business\/501878\/biometrics-introduced-to-westpac-systems-to-watch-for-fraud",
    "confidence":0.8,
    "tags":[
      "behavioural-biometrics",
      "fraud-detection",
      "privacy",
      "false-positives"
    ]
  },
  {
    "Case number":44,
    "Sector":"Retail banking \u2013 voice biometrics",
    "Date range":"2017\u2013present (notably 2021 expansion)",
    "Actors":"ANZ New Zealand",
    "ethical choice":"Use voice biometrics (\u201cVoice ID\u201d) to authorise payments\/confirm identity.",
    "intended goal":"Increase security and reduce friction for phone transactions.",
    "mechanism":"Speaker verification via stored voiceprint; used in phone banking.",
    "outcomes":"Mixed: improved security; Risks: spoofing\/deepfakes; accessibility concerns.",
    "evidence":"\u201c34,000 customers per month enrolling for Voice ID\u2026\u201d",
    "Sources":"https:\/\/www.anz.com.au\/newsroom\/new-zealand\/2021\/04\/biometric-voice-id\/; https:\/\/www.anz.co.nz\/banking-with-anz\/banking-safely\/fraud-protection\/voice-fingerprint-face-identification\/",
    "confidence":0.7,
    "tags":[
      "voice-biometrics",
      "authentication",
      "deepfake-risk",
      "accessibility"
    ]
  },
  {
    "Case number":45,
    "Sector":"Payments \u2013 network fraud AI",
    "Date range":"2024\u2013present",
    "Actors":"Visa New Zealand; NZ issuing & acquiring banks",
    "ethical choice":"AI risk scoring at network level for approvals.",
    "intended goal":"Prevent fraud at scale without over\u2011declining.",
    "mechanism":"Neural network scoring per transaction; adaptive thresholds.",
    "outcomes":"Good: Visa cites $273m fraud prevented; Risk: false declines.",
    "evidence":"\u201cPrevent $273 million in fraud\u2026 in a year.\u201d",
    "Sources":"https:\/\/www.visa.co.nz\/about-visa\/newsroom\/press-releases\/visa-prevents-more-than-270-million-in-fraud-from-disrupting-new-zealand-businesses.html",
    "confidence":0.8,
    "tags":[
      "fraud-screening",
      "network-level-ai",
      "false-declines",
      "merchant-impact"
    ]
  },
  {
    "Case number":46,
    "Sector":"Business banking \u2013 AI credit decisioning",
    "Date range":"2025\u2013present",
    "Actors":"Bank of New Zealand (BNZ); RDC.AI (Rich Data Co)",
    "ethical choice":"Explainable\u2011AI cashflow\u2011based SME loan offers within minutes.",
    "intended goal":"Broaden access and speed time\u2011to\u2011cash.",
    "mechanism":"XAI platform; automated offers; human oversight on exceptions.",
    "outcomes":"Mixed: faster access\/inclusion; Risks: data drift\/bias\/consent scope.",
    "evidence":"\u201cLoan offers in 3 mins, funds in 2 days\u2026 explainable AI\u2026\u201d",
    "Sources":"https:\/\/rdc.ai\/rdc-ai-drives-ai-adoption-and-new-cashflow-based-business-lending-solution-through-bnz-partnership-with-funds-approved-in-as-little-as-3-minutes\/; https:\/\/cfotech.co.nz\/story\/rdc-ai-bnz-launch-ai-driven-cashflow-loans-for-nz-smes",
    "confidence":0.7,
    "tags":[
      "ai-credit",
      "sme-lending",
      "explainability",
      "alt-data",
      "fairness"
    ]
  },
  {
    "Case number":47,
    "Sector":"Credit bureaus \u2013 AI scoring with bank data",
    "Date range":"2023\u2013present",
    "Actors":"Centrix; Envestnet | Yodlee; NZ lenders",
    "ethical choice":"Use live bank data with AI models for scoring\/fraud.",
    "intended goal":"Improve risk accuracy and broaden access; enhance fraud detection.",
    "mechanism":"Data aggregation + ML models; bureau distributes insights to lenders.",
    "outcomes":"Mixed: better prediction; Risks: privacy\/consent opacity.",
    "evidence":"\u201cImprove its credit scoring\u2026 and fraud\/transaction monitoring tools.\u201d",
    "Sources":"https:\/\/ffnews.com\/newsarticle\/fintech\/centrix-delivers-financial-data-win-for-new-zealand-borrowers-and-lenders-powered-by-envestnet-yodlee\/; https:\/\/cfotech.co.nz\/story\/centrix-and-envestnet-yodlee-to-enhance-financial-data-in-new-zealand",
    "confidence":0.7,
    "tags":[
      "credit-scoring",
      "transaction-data",
      "privacy",
      "consent"
    ]
  },
  {
    "Case number":48,
    "Sector":"Non-bank lending \u2013 AI credit decisioning",
    "Date range":"2017\u2013present",
    "Actors":"Harmoney; DataRobot",
    "ethical choice":"ML scorecards and automated decisioning for personal loans.",
    "intended goal":"Reduce time to yes; risk\u2011based pricing at scale.",
    "mechanism":"Automated ML models on large application datasets; behavioural analytics.",
    "outcomes":"Mixed: faster approvals; Risks: bias from historical data; limited recourse on auto declines.",
    "evidence":"\u201cModels trained on more than 300,000 loan applications.\u201d",
    "Sources":"https:\/\/www.cio.com\/article\/204141\/ai-helps-harmoney-improve-ability-to-assess-credit-risk.html; https:\/\/www.datarobot.com\/customers\/harmoney\/; https:\/\/www.harmoney.co.nz\/; https:\/\/www.nzx.com\/announcements\/381515",
    "confidence":0.7,
    "tags":[
      "ai-credit",
      "risk-based-pricing",
      "fairness",
      "explainability"
    ]
  },
  {
    "Case number":49,
    "Sector":"Fintech\/BNPL \u2013 automated credit",
    "Date range":"2020\u20132025",
    "Actors":"BNPL providers; MBIE; RBNZ",
    "ethical choice":"Rapid automated approvals with minimal verification; later tightened by regulation.",
    "intended goal":"Frictionless growth and inclusion while managing losses.",
    "mechanism":"Instant decisions using limited data\/behavioural signals; sparse affordability checks (now tightened).",
    "outcomes":"Mixed\/Bad: over\u2011commitment concerns; protections effective 2 Sept 2024.",
    "evidence":"\u201cNew protections for consumers using Buy Now Pay Later\u2026 from 2 September 2024.\u201d",
    "Sources":"https:\/\/www.mbie.govt.nz\/business-and-employment\/consumer-protection\/buy-now-pay-later; https:\/\/www.rbnz.govt.nz\/hub\/publications\/financial-stability-report\/2025\/may\/ai-pre-release\/rise-of-the-machines",
    "confidence":0.8,
    "tags":[
      "bnpl",
      "automated-approval",
      "affordability",
      "regulation",
      "ai-risk"
    ]
  },
  {
    "Case number":50,
    "Sector":"Retail banking \u2013 fraud monitoring AI",
    "Date range":"2024",
    "Actors":"Banking Ombudsman Scheme; NZ bank; customer 'Millie'",
    "ethical choice":"Automated fraud\u2011detection triggers to block funds on suspected mule accounts.",
    "intended goal":"Stop scam flows fast.",
    "mechanism":"Real\u2011time monitoring; automated blocks when thresholds met; call\u2011backs.",
    "outcomes":"Mixed: flag\/block protected funds; outreach failed initially; transparency limited.",
    "evidence":"\u201cPayment triggered the bank\u2019s fraud detection system\u2026 bank left a message and blocked the accounts.\u201d",
    "Sources":"https:\/\/bankomb.org.nz\/guides-and-cases\/case-notes\/88149",
    "confidence":0.8,
    "tags":[
      "fraud-monitoring",
      "automation",
      "transparency",
      "customer-impact"
    ]
  },
  {
    "Case number":51,
    "Sector":"Insurance \u2013 AI claims\/fraud",
    "Date range":"2021\u2013present",
    "Actors":"Tower Insurance; FRISS",
    "ethical choice":"Automate real\u2011time claims fraud screening with AI.",
    "intended goal":"Speed genuine payouts; reduce fraud leakage.",
    "mechanism":"Claims\u2011time risk scoring; explainable flags to human assessors.",
    "outcomes":"Mixed: faster for many; Risks: false positives & profiling concerns.",
    "evidence":"\u201cAutomating detection of genuine and suspicious claims in real time.\u201d",
    "Sources":"https:\/\/www.tower.co.nz\/news\/friss-partnership\/",
    "confidence":0.7,
    "tags":[
      "insurance",
      "fraud-detection",
      "false-positives",
      "explainability"
    ]
  },
  {
    "Case number":52,
    "Sector":"Insurance \u2013 conversational AI",
    "Date range":"2021\u2013present",
    "Actors":"Southern Cross Travel Insurance (SCTI)",
    "ethical choice":"Launch AI chatbot \u2018Scout\u2019 for policy\/claims queries.",
    "intended goal":"Scale support and keep response times low.",
    "mechanism":"Conversational automation; escalation to humans.",
    "outcomes":"Mixed: faster responses; Risks: incorrect guidance and reliance loss.",
    "evidence":"\u201cDigital \u2018employee\u2019\u2026 automating high\u2011volume enquiries.\u201d",
    "Sources":"https:\/\/www.southerncross.co.nz\/news\/2021\/scti-launches-travel-insurance-chatbot",
    "confidence":0.7,
    "tags":[
      "ai-chatbot",
      "contact-centre",
      "reliance-risk"
    ]
  },
  {
    "Case number":53,
    "Sector":"Payments \u2013 AI vs AI scams",
    "Date range":"2025",
    "Actors":"Visa; NZ consumers\/businesses",
    "ethical choice":"Counter AI\u2011enabled scams with AI analytics\/tools for NZ merchants and banks.",
    "intended goal":"Mitigate deepfake\/generative\u2011AI fraud.",
    "mechanism":"AI anomaly detection; intelligence sharing; merchant\/bank tooling.",
    "outcomes":"Good (directional): proactive against AI\u2011driven scams; results depend on deployment quality.",
    "evidence":"\u201cUsing AI to combat AI\u2011driven fraud in New Zealand.\u201d",
    "Sources":"https:\/\/www.finextra.com\/pressarticle\/106232\/visa-using-ai-to-combat-ai-driven-fraud-in-new-zeland",
    "confidence":0.6,
    "tags":[
      "ai-vs-ai",
      "scams",
      "ecosystem",
      "prevention"
    ]
  }
]