[
  {
    "Case number":40,
    "Sector":"Retail banking \u2013 customer service AI",
    "Date range":"2023\u20132025",
    "Actors":"Kiwibank; Genesys; Spark NZ",
    "ethical choice":"Deploy AI voicebots and intent-recognition to route and resolve calls before reaching human agents.",
    "intended goal":"Reduce wait times, improve first\u2011contact resolution, and free agents for complex needs.",
    "mechanism":"NLU intent classification; AI voicebots on Genesys Cloud; agent\u2011assist and triage; human hand\u2011off on confidence thresholds.",
    "outcomes":"Good: reported sharp reductions in transfers, abandoned calls, answer speeds, and handle time. Risks: misrouting; accessibility for accents\/te reo M\u0101ori; guardrails needed for escalation and disclosures.",
    "evidence":"Genesys: \u201cvoicebots has resulted in 98% fewer intents\u2026 dramatic reductions in transfers, abandoned calls, answer speeds and handle time.\u201d \u2022 Reseller: Spark helped deliver the award\u2011winning Genesys AI chatbot project for Kiwibank.",
    "Sources":"https:\/\/www.genesys.com\/customer-stories\/kiwibank; https:\/\/www.reseller.co.nz\/article\/2106258\/spark-helps-deliver-award-winning-genesys-ai-chatbot-project-for-kiwibank.html; https:\/\/www.businesswire.com\/news\/home\/20240514128335\/en\/",
    "confidence":0.7,
    "tags":[
      "ai-chatbot",
      "voicebot",
      "cx",
      "accessibility",
      "explainability"
    ],
    "retrieval_abstract":"Kiwibank rolled out AI voicebots (Genesys Cloud) across contact channels from 2023, using intent recognition and agent\u2011assist to triage and resolve calls. Company materials report large reductions in transfers, abandonment and handle time. Ethical questions centre on accuracy, clear hand\u2011off to humans, transparency that a bot is responding, and inclusive design for NZ accents\/te reo M\u0101ori speakers."
  },
  {
    "Case number":41,
    "Sector":"Retail banking \u2013 conversational AI",
    "Date range":"2018\u2013present",
    "Actors":"ASB Bank",
    "ethical choice":"Use an AI chatbot ('Josie') as a first\u2011line digital assistant for customers in app and online.",
    "intended goal":"Provide 24\/7 self\u2011service and reduce contact centre queues.",
    "mechanism":"Conversational interface; intent matching; scripted guardrails; escalation to human when out of scope or low confidence.",
    "outcomes":"Mixed: faster answers and self\u2011service. Risks: incorrect guidance and reliance losses if the bot strays into advice; mitigations include disclaimers and hand\u2011offs.",
    "evidence":"ASB: \u201cJosie is our chatbot\u2026 can help you get stuff done quickly\u2026 answering any questions.\u201d",
    "Sources":"https:\/\/www.asb.co.nz\/banking-with-asb\/josie-the-chatbot.html",
    "confidence":0.6,
    "tags":[
      "ai-chatbot",
      "automation",
      "consumer-protection",
      "hand-off"
    ],
    "retrieval_abstract":"ASB\u2019s 'Josie' chatbot provides always\u2011on support within digital channels. It handles FAQs and directs customers to resources, with escalation pathways to human support. Ethical focus: scope boundaries (no personalised financial advice), accuracy, and duty\u2011of\u2011care via timely hand\u2011offs."
  },
  {
    "Case number":42,
    "Sector":"Retail banking \u2013 digital identity\/KYC",
    "Date range":"2018\u2013present",
    "Actors":"ASB Bank; VIX Verify",
    "ethical choice":"Adopt facial\u2011recognition onboarding that matches a selfie to ID to open accounts remotely.",
    "intended goal":"Speed up AML\/KYC and support remote inclusion.",
    "mechanism":"Face matching with liveness checks; NFC passport reading; automated risk flags; human review for exceptions; secure biometric storage policies.",
    "outcomes":"Mixed: faster onboarding and broader access; risks: false positives\/negatives, demographic bias, biometric privacy and retention practices.",
    "evidence":"Finextra: \u201cASB\u2026 speeding up the customer onboarding process with\u2026 biometric facial recognition technology.\u201d \u2022 ASB ID app: join and confirm identity with a selfie + ID.",
    "Sources":"https:\/\/www.finextra.com\/newsarticle\/32993\/asb-faces-up-to-biometric-onboarding; https:\/\/www.asb.co.nz\/banking-with-asb\/asb-id-app.html; https:\/\/www.biometricupdate.com\/201811\/vix-verify-develops-biometric-mobile-id-app-for-asb-bank",
    "confidence":0.8,
    "tags":[
      "biometrics",
      "kyc",
      "privacy",
      "bias",
      "remote-onboarding"
    ],
    "retrieval_abstract":"ASB introduced selfie\u2011to\u2011ID facial recognition (with liveness and NFC passport reading) to complete KYC remotely. Benefits include speed and access; ethical risks include potential demographic bias, false matches locking out legitimate customers, and obligations for secure biometric handling and deletion."
  },
  {
    "Case number":43,
    "Sector":"Retail banking \u2013 fraud detection AI",
    "Date range":"2023\u2013present",
    "Actors":"Westpac New Zealand; BioCatch",
    "ethical choice":"Monitor user behaviour (keystrokes, mouse\/touch patterns) with AI to detect scams and account takeovers.",
    "intended goal":"Reduce scam losses and intervene during compromised sessions.",
    "mechanism":"Behavioural biometrics\/session intelligence; anomaly detection during online banking; real\u2011time risk\u2011based controls.",
    "outcomes":"Mixed: prevention and earlier detection vs. surveillance concerns, explainability, and false positives that may block legitimate customers.",
    "evidence":"Westpac: \u201cintegrating biometrics software\u2026 to help keep customers safe.\u201d \u2022 RNZ: system \u201cgathers information\u2026 typing speed or how hard they press on touch screens.\u201d",
    "Sources":"https:\/\/www.westpac.co.nz\/about-us\/media\/westpac-nz-adopts-biometric-technology-to-help-keep-customers-safe\/; https:\/\/www.rnz.co.nz\/news\/business\/501878\/biometrics-introduced-to-westpac-systems-to-watch-for-fraud",
    "confidence":0.8,
    "tags":[
      "behavioural-biometrics",
      "fraud-detection",
      "privacy",
      "false-positives"
    ],
    "retrieval_abstract":"Westpac NZ partnered with BioCatch to apply behavioural biometrics in online banking. The AI profiles typing\/touch patterns to spot anomalies consistent with scams or account takeover. Ethical analysis: continuous monitoring and profiling, transparency to customers, and recourse for false positives."
  },
  {
    "Case number":44,
    "Sector":"Retail banking \u2013 voice biometrics",
    "Date range":"2017\u2013present (notably 2021 expansion)",
    "Actors":"ANZ New Zealand",
    "ethical choice":"Use voice biometrics (\u201cVoice ID\u201d) to authorise payments\/confirm identity.",
    "intended goal":"Increase security and reduce friction for phone transactions and identity checks.",
    "mechanism":"Speaker verification against stored voiceprint; fallback to other factors; monitoring for spoofing\/deepfakes.",
    "outcomes":"Mixed: security and accessibility benefits; risks: spoofing, deepfake attacks, and inclusion for people with speech impairments.",
    "evidence":"ANZ: \u201cup to 34,000 customers per month enrolling for Voice ID\u2026 among NZ\u2019s largest voice recognition services.\u201d",
    "Sources":"https:\/\/www.anz.com.au\/newsroom\/new-zealand\/2021\/04\/biometric-voice-id\/; https:\/\/www.anz.co.nz\/banking-with-anz\/banking-safely\/fraud-protection\/voice-fingerprint-face-identification\/",
    "confidence":0.7,
    "tags":[
      "voice-biometrics",
      "authentication",
      "deepfake-risk",
      "accessibility"
    ],
    "retrieval_abstract":"ANZ rolled out Voice ID for phone banking, enabling speaker\u2011verified authentication and payment authorisation. Ethical focus: biometric consent, resilience to deepfake voice attacks, and ensuring alternatives for customers who can\u2019t use voice."
  },
  {
    "Case number":45,
    "Sector":"Payments \u2013 network fraud AI",
    "Date range":"2024\u2013present",
    "Actors":"Visa New Zealand; NZ issuing & acquiring banks",
    "ethical choice":"Apply AI-based real\u2011time risk scoring to approval decisions at the network level.",
    "intended goal":"Prevent card fraud at scale without unduly declining good transactions.",
    "mechanism":"Neural network scoring per transaction (Visa Advanced Authorisation); issuer\/acquirer\u2011tuned thresholds.",
    "outcomes":"Good: substantial fraud prevented; Risks: false declines harming merchants and cardholders; need for appeal\/override pathways.",
    "evidence":"Visa NZ: \u201chelped financial institutions prevent $273 million in fraud\u2026 in a year.\u201d",
    "Sources":"https:\/\/www.visa.co.nz\/about-visa\/newsroom\/press-releases\/visa-prevents-more-than-270-million-in-fraud-from-disrupting-new-zealand-businesses.html",
    "confidence":0.8,
    "tags":[
      "fraud-screening",
      "network-level-ai",
      "false-declines",
      "merchant-impact"
    ],
    "retrieval_abstract":"Visa\u2019s network\u2011level AI (Advanced Authorisation) evaluates every card transaction in real time for New Zealand issuers\/merchants. Reported prevention figures are large. Ethical angle: transparency about declines, recourse for customers, and tuning thresholds to avoid over\u2011blocking."
  },
  {
    "Case number":46,
    "Sector":"Business banking \u2013 AI credit decisioning",
    "Date range":"2025\u2013present",
    "Actors":"Bank of New Zealand (BNZ); RDC.AI (Rich Data Co)",
    "ethical choice":"Adopt explainable\u2011AI models using bank transaction data to issue cashflow\u2011based SME loan offers within minutes.",
    "intended goal":"Broaden SME access to capital and speed time\u2011to\u2011cash.",
    "mechanism":"XAI decisioning using cashflow\/behavioural patterns; automated offers; human oversight for exceptions; explanations surfaced to bankers.",
    "outcomes":"Mixed: speed and inclusion gains; risks around model drift, seasonality biases, and consent for data use beyond original purpose.",
    "evidence":"RDC.AI: \u201cloan offers in 3 mins, funds in 2 days\u2026 explainable AI decisioning platform.\u201d",
    "Sources":"https:\/\/rdc.ai\/rdc-ai-drives-ai-adoption-and-new-cashflow-based-business-lending-solution-through-bnz-partnership-with-funds-approved-in-as-little-as-3-minutes\/; https:\/\/cfotech.co.nz\/story\/rdc-ai-bnz-launch-ai-driven-cashflow-loans-for-nz-smes",
    "confidence":0.7,
    "tags":[
      "ai-credit",
      "sme-lending",
      "explainability",
      "alt-data",
      "fairness"
    ],
    "retrieval_abstract":"BNZ partnered with RDC.AI to launch cashflow\u2011based SME lending using explainable AI. Offers can be generated rapidly using bank transaction histories. Ethical focus: fairness for thin\u2011file or seasonal businesses, clarity of explanations to customers, and clear consent boundaries."
  },
  {
    "Case number":47,
    "Sector":"Credit bureaus \u2013 AI scoring with bank data",
    "Date range":"2023\u2013present",
    "Actors":"Centrix; Envestnet | Yodlee; NZ lenders",
    "ethical choice":"Expand credit scoring and fraud\/transaction monitoring using live bank data feeds and AI models.",
    "intended goal":"Improve risk assessment accuracy and broaden credit access; enhance fraud detection.",
    "mechanism":"Data aggregation similar to open\u2011banking access; ML models for scoring and fraud; bureau distributes insights to lenders.",
    "outcomes":"Mixed: stronger prediction; risks: privacy, consent fatigue, and opaque impacts for disadvantaged groups; need robust consent UX.",
    "evidence":"Centrix\/Yodlee: partnership will \u201cimprove its credit scoring\u201d and \u201cfraud and transaction monitoring tools.\u201d",
    "Sources":"https:\/\/ffnews.com\/newsarticle\/fintech\/centrix-delivers-financial-data-win-for-new-zealand-borrowers-and-lenders-powered-by-envestnet-yodlee\/; https:\/\/cfotech.co.nz\/story\/centrix-and-envestnet-yodlee-to-enhance-financial-data-in-new-zealand",
    "confidence":0.7,
    "tags":[
      "credit-scoring",
      "transaction-data",
      "privacy",
      "consent"
    ],
    "retrieval_abstract":"Centrix partnered with Yodlee to bring live bank data into NZ scoring and fraud tools. Ethical emphasis: informed consent, data minimisation, explainability to borrowers, and bias testing on protected groups."
  },
  {
    "Case number":48,
    "Sector":"Non-bank lending \u2013 AI credit decisioning",
    "Date range":"2017\u2013present",
    "Actors":"Harmoney; DataRobot",
    "ethical choice":"Use machine\u2011learning credit scorecards and automated decisioning to price\/approve personal loans online.",
    "intended goal":"Reduce time to yes; deliver risk\u2011based pricing without branches.",
    "mechanism":"DataRobot ML models trained on large application\/behavioural datasets; automated offers with human controls.",
    "outcomes":"Mixed: faster approvals and potentially fairer pricing; risks around historical bias, explainability, and recourse for automated declines.",
    "evidence":"CIO: \u201cmodels are trained on data captured from more than 300,000 loan applications.\u201d \u2022 Harmoney: \u201cAI\u2011driven quote process\u2026 interest rates based on individual assessment.\u201d",
    "Sources":"https:\/\/www.cio.com\/article\/204141\/ai-helps-harmoney-improve-ability-to-assess-credit-risk.html; https:\/\/www.datarobot.com\/customers\/harmoney\/; https:\/\/www.harmoney.co.nz\/; https:\/\/www.nzx.com\/announcements\/381515",
    "confidence":0.7,
    "tags":[
      "ai-credit",
      "risk-based-pricing",
      "fairness",
      "explainability"
    ],
    "retrieval_abstract":"Harmoney applies ML\u2011based risk models to approve and price personal loans fully online. Ethical topics: transparency of price drivers, ensuring non\u2011discrimination, and meaningful human review for edge cases."
  },
  {
    "Case number":49,
    "Sector":"Fintech\/BNPL \u2013 automated credit",
    "Date range":"2020\u20132025",
    "Actors":"BNPL providers (Laybuy, Afterpay, Zip, Klarna); MBIE; RBNZ",
    "ethical choice":"Run rapid, automated approval algorithms with minimal verification; subsequently brought under targeted regulation.",
    "intended goal":"Maximise growth and inclusion via frictionless approvals while containing losses.",
    "mechanism":"Instant approvals using limited data and platform behaviour; historically sparse affordability checks; new protections effective 2 Sep 2024.",
    "outcomes":"Mixed\/Bad: over\u2011commitment concerns for young\/low\u2011income cohorts; Govt introduced BNPL protections to add affordability, hardship and dispute pathways.",
    "evidence":"MBIE: \u201cNew protections for consumers using Buy Now Pay Later, effective from 2 September 2024.\u201d \u2022 RBNZ FSR: AI brings benefits and new challenges for financial stability.",
    "Sources":"https:\/\/www.mbie.govt.nz\/business-and-employment\/consumer-protection\/buy-now-pay-later; https:\/\/www.rbnz.govt.nz\/hub\/publications\/financial-stability-report\/2025\/may\/ai-pre-release\/rise-of-the-machines",
    "confidence":0.8,
    "tags":[
      "bnpl",
      "automated-approval",
      "affordability",
      "regulation",
      "ai-risk"
    ],
    "retrieval_abstract":"NZ BNPL firms used instant, lightly verified approvals driven by platform data\/signals. Concerns about over\u2011indebtedness led to targeted protections (Sep 2024). Ethical teaching points: thin\u2011file bias, affordability responsibilities, and system\u2011level risk."
  },
  {
    "Case number":50,
    "Sector":"Retail banking \u2013 fraud monitoring AI",
    "Date range":"2024",
    "Actors":"Banking Ombudsman Scheme; unnamed NZ bank; customer 'Millie'",
    "ethical choice":"Rely on automated fraud\u2011detection thresholds to block suspected mule accounts and hold funds.",
    "intended goal":"Stop scam funds quickly once risk is detected.",
    "mechanism":"Real\u2011time model flags; automated blocks; customer contact attempts; human review to release\/retain funds.",
    "outcomes":"Mixed: effective disruption of scam flows; if outreach fails (customer under scammer control), harm can still occur; transparency and recourse are key.",
    "evidence":"BOS case note: \u201cpayment triggered the bank\u2019s fraud detection system\u2026 bank left a message and blocked the accounts.\u201d",
    "Sources":"https:\/\/bankomb.org.nz\/guides-and-cases\/case-notes\/88149",
    "confidence":0.8,
    "tags":[
      "fraud-monitoring",
      "automation",
      "transparency",
      "customer-impact"
    ],
    "retrieval_abstract":"A BOS case shows automated fraud systems blocking suspected mule accounts in near real time. Ethical focus: proportionality of automated blocks, clarity to innocent customers caught up in sweeps, and timely human follow\u2011up."
  },
  {
    "Case number":51,
    "Sector":"Insurance \u2013 AI claims\/fraud",
    "Date range":"2021\u2013present",
    "Actors":"Tower Insurance; FRISS",
    "ethical choice":"Automate real\u2011time fraud screening of claims with AI to fast\u2011track genuine claims and flag suspicious ones.",
    "intended goal":"Speed payments for genuine claimants and reduce fraud leakage.",
    "mechanism":"Claims\u2011time risk scoring using internal\/external data; explainable flags surfaced to assessors.",
    "outcomes":"Mixed: quicker payouts for many; risks of false positives slowing legitimate claims; profiling and fairness considerations.",
    "evidence":"Tower: \u201cautomate\u2026 detecting genuine and suspicious claims in real time\u2026 partnership with AI\u2011based solution FRISS.\u201d",
    "Sources":"https:\/\/www.tower.co.nz\/news\/friss-partnership\/",
    "confidence":0.7,
    "tags":[
      "insurance",
      "fraud-detection",
      "false-positives",
      "explainability"
    ],
    "retrieval_abstract":"Tower adopted FRISS to triage claims with AI at lodgement. Ethical emphasis: transparency with claimants, accountable review of flags, and tracking false\u2011positive rates by segment."
  },
  {
    "Case number":52,
    "Sector":"Insurance \u2013 conversational AI",
    "Date range":"2021\u2013present",
    "Actors":"Southern Cross Travel Insurance (SCTI)",
    "ethical choice":"Launch an AI chatbot (\u2018Scout\u2019) to answer policy\/claims queries and help customers self\u2011serve.",
    "intended goal":"Scale support for travel surges while keeping response times low.",
    "mechanism":"Conversational automation for FAQs, claim status and document handling; escalation to human for complex cases.",
    "outcomes":"Mixed: faster responses and cost savings; reliance risk if answers are wrong; needs strong disclaimers and audit of responses.",
    "evidence":"SCTI: \u201cnew digital \u2018employee\u2019\u2026 will support Claims and Contact Centre teams by automating high\u2011volume enquiries.\u201d",
    "Sources":"https:\/\/www.southerncross.co.nz\/news\/2021\/scti-launches-travel-insurance-chatbot",
    "confidence":0.7,
    "tags":[
      "ai-chatbot",
      "contact-centre",
      "reliance-risk"
    ],
    "retrieval_abstract":"SCTI\u2019s \u2018Scout\u2019 handles common travel insurance queries. Ethical focus: scope limits (no personalised cover advice), record\u2011keeping of bot guidance, and equitable access for non\u2011native speakers."
  },
  {
    "Case number":53,
    "Sector":"Payments \u2013 AI vs AI scams",
    "Date range":"2025",
    "Actors":"Visa; New Zealand consumers\/businesses",
    "ethical choice":"Counter AI\u2011enabled scams with AI analytics and tools marketed to NZ merchants and banks.",
    "intended goal":"Mitigate deepfake and generative\u2011AI\u2011assisted fraud impacting the card ecosystem.",
    "mechanism":"AI\u2011driven anomaly detection and intelligence sharing; merchant\/bank tooling and alerts.",
    "outcomes":"Good (directional): proactive measures against rising AI\u2011driven scams; outcomes depend on consistent adoption and tuning across issuers\/merchants.",
    "evidence":"Press: \u201cusing AI to combat AI\u2011driven fraud in New Zealand.\u201d",
    "Sources":"https:\/\/www.finextra.com\/pressarticle\/106232\/visa-using-ai-to-combat-ai-driven-fraud-in-new-zeland",
    "confidence":0.6,
    "tags":[
      "ai-vs-ai",
      "scams",
      "ecosystem",
      "prevention"
    ],
    "retrieval_abstract":"Visa promotes AI\u2011based defences against AI\u2011enabled scams across the NZ card ecosystem. Ethical angle: transparency to merchants\/consumers about false positives and appeals."
  }
]