Case number,Sector,Date range,Actors,ethical choice,intended goal,mechanism,outcomes,evidence,Sources,confidence,tags,retrieval_abstract
40,Retail banking – customer service AI,2023–2025,Kiwibank; Genesys; Spark NZ,Deploy AI voicebots and intent-recognition to route and resolve calls before reaching human agents.,"Reduce wait times, improve first‑contact resolution, and free agents for complex needs.",NLU intent classification; AI voicebots on Genesys Cloud; agent‑assist and triage; human hand‑off on confidence thresholds.,"Good: reported sharp reductions in transfers, abandoned calls, answer speeds, and handle time. Risks: misrouting; accessibility for accents/te reo Māori; guardrails needed for escalation and disclosures.","Genesys: “voicebots has resulted in 98% fewer intents… dramatic reductions in transfers, abandoned calls, answer speeds and handle time.” • Reseller: Spark helped deliver the award‑winning Genesys AI chatbot project for Kiwibank.",https://www.genesys.com/customer-stories/kiwibank; https://www.reseller.co.nz/article/2106258/spark-helps-deliver-award-winning-genesys-ai-chatbot-project-for-kiwibank.html; https://www.businesswire.com/news/home/20240514128335/en/,0.7,"['ai-chatbot', 'voicebot', 'cx', 'accessibility', 'explainability']","Kiwibank rolled out AI voicebots (Genesys Cloud) across contact channels from 2023, using intent recognition and agent‑assist to triage and resolve calls. Company materials report large reductions in transfers, abandonment and handle time. Ethical questions centre on accuracy, clear hand‑off to humans, transparency that a bot is responding, and inclusive design for NZ accents/te reo Māori speakers."
41,Retail banking – conversational AI,2018–present,ASB Bank,Use an AI chatbot ('Josie') as a first‑line digital assistant for customers in app and online.,Provide 24/7 self‑service and reduce contact centre queues.,Conversational interface; intent matching; scripted guardrails; escalation to human when out of scope or low confidence.,Mixed: faster answers and self‑service. Risks: incorrect guidance and reliance losses if the bot strays into advice; mitigations include disclaimers and hand‑offs.,ASB: “Josie is our chatbot… can help you get stuff done quickly… answering any questions.”,https://www.asb.co.nz/banking-with-asb/josie-the-chatbot.html,0.6,"['ai-chatbot', 'automation', 'consumer-protection', 'hand-off']","ASB’s 'Josie' chatbot provides always‑on support within digital channels. It handles FAQs and directs customers to resources, with escalation pathways to human support. Ethical focus: scope boundaries (no personalised financial advice), accuracy, and duty‑of‑care via timely hand‑offs."
42,Retail banking – digital identity/KYC,2018–present,ASB Bank; VIX Verify,Adopt facial‑recognition onboarding that matches a selfie to ID to open accounts remotely.,Speed up AML/KYC and support remote inclusion.,Face matching with liveness checks; NFC passport reading; automated risk flags; human review for exceptions; secure biometric storage policies.,"Mixed: faster onboarding and broader access; risks: false positives/negatives, demographic bias, biometric privacy and retention practices.",Finextra: “ASB… speeding up the customer onboarding process with… biometric facial recognition technology.” • ASB ID app: join and confirm identity with a selfie + ID.,https://www.finextra.com/newsarticle/32993/asb-faces-up-to-biometric-onboarding; https://www.asb.co.nz/banking-with-asb/asb-id-app.html; https://www.biometricupdate.com/201811/vix-verify-develops-biometric-mobile-id-app-for-asb-bank,0.8,"['biometrics', 'kyc', 'privacy', 'bias', 'remote-onboarding']","ASB introduced selfie‑to‑ID facial recognition (with liveness and NFC passport reading) to complete KYC remotely. Benefits include speed and access; ethical risks include potential demographic bias, false matches locking out legitimate customers, and obligations for secure biometric handling and deletion."
43,Retail banking – fraud detection AI,2023–present,Westpac New Zealand; BioCatch,"Monitor user behaviour (keystrokes, mouse/touch patterns) with AI to detect scams and account takeovers.",Reduce scam losses and intervene during compromised sessions.,Behavioural biometrics/session intelligence; anomaly detection during online banking; real‑time risk‑based controls.,"Mixed: prevention and earlier detection vs. surveillance concerns, explainability, and false positives that may block legitimate customers.",Westpac: “integrating biometrics software… to help keep customers safe.” • RNZ: system “gathers information… typing speed or how hard they press on touch screens.”,https://www.westpac.co.nz/about-us/media/westpac-nz-adopts-biometric-technology-to-help-keep-customers-safe/; https://www.rnz.co.nz/news/business/501878/biometrics-introduced-to-westpac-systems-to-watch-for-fraud,0.8,"['behavioural-biometrics', 'fraud-detection', 'privacy', 'false-positives']","Westpac NZ partnered with BioCatch to apply behavioural biometrics in online banking. The AI profiles typing/touch patterns to spot anomalies consistent with scams or account takeover. Ethical analysis: continuous monitoring and profiling, transparency to customers, and recourse for false positives."
44,Retail banking – voice biometrics,2017–present (notably 2021 expansion),ANZ New Zealand,Use voice biometrics (“Voice ID”) to authorise payments/confirm identity.,Increase security and reduce friction for phone transactions and identity checks.,Speaker verification against stored voiceprint; fallback to other factors; monitoring for spoofing/deepfakes.,"Mixed: security and accessibility benefits; risks: spoofing, deepfake attacks, and inclusion for people with speech impairments.","ANZ: “up to 34,000 customers per month enrolling for Voice ID… among NZ’s largest voice recognition services.”",https://www.anz.com.au/newsroom/new-zealand/2021/04/biometric-voice-id/; https://www.anz.co.nz/banking-with-anz/banking-safely/fraud-protection/voice-fingerprint-face-identification/,0.7,"['voice-biometrics', 'authentication', 'deepfake-risk', 'accessibility']","ANZ rolled out Voice ID for phone banking, enabling speaker‑verified authentication and payment authorisation. Ethical focus: biometric consent, resilience to deepfake voice attacks, and ensuring alternatives for customers who can’t use voice."
45,Payments – network fraud AI,2024–present,Visa New Zealand; NZ issuing & acquiring banks,Apply AI-based real‑time risk scoring to approval decisions at the network level.,Prevent card fraud at scale without unduly declining good transactions.,Neural network scoring per transaction (Visa Advanced Authorisation); issuer/acquirer‑tuned thresholds.,Good: substantial fraud prevented; Risks: false declines harming merchants and cardholders; need for appeal/override pathways.,Visa NZ: “helped financial institutions prevent $273 million in fraud… in a year.”,https://www.visa.co.nz/about-visa/newsroom/press-releases/visa-prevents-more-than-270-million-in-fraud-from-disrupting-new-zealand-businesses.html,0.8,"['fraud-screening', 'network-level-ai', 'false-declines', 'merchant-impact']","Visa’s network‑level AI (Advanced Authorisation) evaluates every card transaction in real time for New Zealand issuers/merchants. Reported prevention figures are large. Ethical angle: transparency about declines, recourse for customers, and tuning thresholds to avoid over‑blocking."
46,Business banking – AI credit decisioning,2025–present,Bank of New Zealand (BNZ); RDC.AI (Rich Data Co),Adopt explainable‑AI models using bank transaction data to issue cashflow‑based SME loan offers within minutes.,Broaden SME access to capital and speed time‑to‑cash.,XAI decisioning using cashflow/behavioural patterns; automated offers; human oversight for exceptions; explanations surfaced to bankers.,"Mixed: speed and inclusion gains; risks around model drift, seasonality biases, and consent for data use beyond original purpose.","RDC.AI: “loan offers in 3 mins, funds in 2 days… explainable AI decisioning platform.”",https://rdc.ai/rdc-ai-drives-ai-adoption-and-new-cashflow-based-business-lending-solution-through-bnz-partnership-with-funds-approved-in-as-little-as-3-minutes/; https://cfotech.co.nz/story/rdc-ai-bnz-launch-ai-driven-cashflow-loans-for-nz-smes,0.7,"['ai-credit', 'sme-lending', 'explainability', 'alt-data', 'fairness']","BNZ partnered with RDC.AI to launch cashflow‑based SME lending using explainable AI. Offers can be generated rapidly using bank transaction histories. Ethical focus: fairness for thin‑file or seasonal businesses, clarity of explanations to customers, and clear consent boundaries."
47,Credit bureaus – AI scoring with bank data,2023–present,Centrix; Envestnet | Yodlee; NZ lenders,Expand credit scoring and fraud/transaction monitoring using live bank data feeds and AI models.,Improve risk assessment accuracy and broaden credit access; enhance fraud detection.,Data aggregation similar to open‑banking access; ML models for scoring and fraud; bureau distributes insights to lenders.,"Mixed: stronger prediction; risks: privacy, consent fatigue, and opaque impacts for disadvantaged groups; need robust consent UX.",Centrix/Yodlee: partnership will “improve its credit scoring” and “fraud and transaction monitoring tools.”,https://ffnews.com/newsarticle/fintech/centrix-delivers-financial-data-win-for-new-zealand-borrowers-and-lenders-powered-by-envestnet-yodlee/; https://cfotech.co.nz/story/centrix-and-envestnet-yodlee-to-enhance-financial-data-in-new-zealand,0.7,"['credit-scoring', 'transaction-data', 'privacy', 'consent']","Centrix partnered with Yodlee to bring live bank data into NZ scoring and fraud tools. Ethical emphasis: informed consent, data minimisation, explainability to borrowers, and bias testing on protected groups."
48,Non-bank lending – AI credit decisioning,2017–present,Harmoney; DataRobot,Use machine‑learning credit scorecards and automated decisioning to price/approve personal loans online.,Reduce time to yes; deliver risk‑based pricing without branches.,DataRobot ML models trained on large application/behavioural datasets; automated offers with human controls.,"Mixed: faster approvals and potentially fairer pricing; risks around historical bias, explainability, and recourse for automated declines.","CIO: “models are trained on data captured from more than 300,000 loan applications.” • Harmoney: “AI‑driven quote process… interest rates based on individual assessment.”",https://www.cio.com/article/204141/ai-helps-harmoney-improve-ability-to-assess-credit-risk.html; https://www.datarobot.com/customers/harmoney/; https://www.harmoney.co.nz/; https://www.nzx.com/announcements/381515,0.7,"['ai-credit', 'risk-based-pricing', 'fairness', 'explainability']","Harmoney applies ML‑based risk models to approve and price personal loans fully online. Ethical topics: transparency of price drivers, ensuring non‑discrimination, and meaningful human review for edge cases."
49,Fintech/BNPL – automated credit,2020–2025,"BNPL providers (Laybuy, Afterpay, Zip, Klarna); MBIE; RBNZ","Run rapid, automated approval algorithms with minimal verification; subsequently brought under targeted regulation.",Maximise growth and inclusion via frictionless approvals while containing losses.,Instant approvals using limited data and platform behaviour; historically sparse affordability checks; new protections effective 2 Sep 2024.,"Mixed/Bad: over‑commitment concerns for young/low‑income cohorts; Govt introduced BNPL protections to add affordability, hardship and dispute pathways.","MBIE: “New protections for consumers using Buy Now Pay Later, effective from 2 September 2024.” • RBNZ FSR: AI brings benefits and new challenges for financial stability.",https://www.mbie.govt.nz/business-and-employment/consumer-protection/buy-now-pay-later; https://www.rbnz.govt.nz/hub/publications/financial-stability-report/2025/may/ai-pre-release/rise-of-the-machines,0.8,"['bnpl', 'automated-approval', 'affordability', 'regulation', 'ai-risk']","NZ BNPL firms used instant, lightly verified approvals driven by platform data/signals. Concerns about over‑indebtedness led to targeted protections (Sep 2024). Ethical teaching points: thin‑file bias, affordability responsibilities, and system‑level risk."
50,Retail banking – fraud monitoring AI,2024,Banking Ombudsman Scheme; unnamed NZ bank; customer 'Millie',Rely on automated fraud‑detection thresholds to block suspected mule accounts and hold funds.,Stop scam funds quickly once risk is detected.,Real‑time model flags; automated blocks; customer contact attempts; human review to release/retain funds.,"Mixed: effective disruption of scam flows; if outreach fails (customer under scammer control), harm can still occur; transparency and recourse are key.",BOS case note: “payment triggered the bank’s fraud detection system… bank left a message and blocked the accounts.”,https://bankomb.org.nz/guides-and-cases/case-notes/88149,0.8,"['fraud-monitoring', 'automation', 'transparency', 'customer-impact']","A BOS case shows automated fraud systems blocking suspected mule accounts in near real time. Ethical focus: proportionality of automated blocks, clarity to innocent customers caught up in sweeps, and timely human follow‑up."
51,Insurance – AI claims/fraud,2021–present,Tower Insurance; FRISS,Automate real‑time fraud screening of claims with AI to fast‑track genuine claims and flag suspicious ones.,Speed payments for genuine claimants and reduce fraud leakage.,Claims‑time risk scoring using internal/external data; explainable flags surfaced to assessors.,Mixed: quicker payouts for many; risks of false positives slowing legitimate claims; profiling and fairness considerations.,Tower: “automate… detecting genuine and suspicious claims in real time… partnership with AI‑based solution FRISS.”,https://www.tower.co.nz/news/friss-partnership/,0.7,"['insurance', 'fraud-detection', 'false-positives', 'explainability']","Tower adopted FRISS to triage claims with AI at lodgement. Ethical emphasis: transparency with claimants, accountable review of flags, and tracking false‑positive rates by segment."
52,Insurance – conversational AI,2021–present,Southern Cross Travel Insurance (SCTI),Launch an AI chatbot (‘Scout’) to answer policy/claims queries and help customers self‑serve.,Scale support for travel surges while keeping response times low.,"Conversational automation for FAQs, claim status and document handling; escalation to human for complex cases.",Mixed: faster responses and cost savings; reliance risk if answers are wrong; needs strong disclaimers and audit of responses.,SCTI: “new digital ‘employee’… will support Claims and Contact Centre teams by automating high‑volume enquiries.”,https://www.southerncross.co.nz/news/2021/scti-launches-travel-insurance-chatbot,0.7,"['ai-chatbot', 'contact-centre', 'reliance-risk']","SCTI’s ‘Scout’ handles common travel insurance queries. Ethical focus: scope limits (no personalised cover advice), record‑keeping of bot guidance, and equitable access for non‑native speakers."
53,Payments – AI vs AI scams,2025,Visa; New Zealand consumers/businesses,Counter AI‑enabled scams with AI analytics and tools marketed to NZ merchants and banks.,Mitigate deepfake and generative‑AI‑assisted fraud impacting the card ecosystem.,AI‑driven anomaly detection and intelligence sharing; merchant/bank tooling and alerts.,Good (directional): proactive measures against rising AI‑driven scams; outcomes depend on consistent adoption and tuning across issuers/merchants.,Press: “using AI to combat AI‑driven fraud in New Zealand.”,https://www.finextra.com/pressarticle/106232/visa-using-ai-to-combat-ai-driven-fraud-in-new-zeland,0.6,"['ai-vs-ai', 'scams', 'ecosystem', 'prevention']",Visa promotes AI‑based defences against AI‑enabled scams across the NZ card ecosystem. Ethical angle: transparency to merchants/consumers about false positives and appeals.
